mol,natm,nao,t_scf,t_gradient,t_hessian,e_tot
002,3,59,3.6996476650238037,3.415919542312622,-1,-76.0555974955089
003,15,295,14.016164064407349,14.119105577468872,-1,-380.3086663551709
004,30,590,47.56961941719055,53.242724657058716,-1,-760.6042237026345
005,60,1180,301.09123849868774,355.03916120529175,-1,-1521.2054344127032
